3 : orders@macwearembroideryclothing.com
1 : test2@test2.com
1 : abc@example.org2
1 : team@abc.com
1 : somoe@gmail.com
1 : whitandr@oregonstate.edu
1 : struax@afb.net
1 : john@acme.com
1 : example@test.de
1 : admsin@ds147975.mlab.com
1 : jboan@trined.nl
1 : Jay12345@ds147510.mlab.com
2 : epshetsky@test.com
1 : -fnoreply@yourmailer.com
3 : tester@example.com
1 : editor@someproj-2.iam.gserviceaccount.com
1 : cc@example.com
1 : setok321@gmail.com
1 : torvalds@linux-foundation.org
1 : moly@liky.com
2 : myadress@gmail.com
1 : no-reply@mydomain.com
3 : user@domain.com
1 : please@dontreply.com
1 : mega@gmail.com
1 : bar@gmail.com
1 : myaddress@gmail.com
1 : to@gmail.com
2 : jjohnson@example.com
1 : test@user.com
1 : homeemail@email.com
1 : email@usedforauthentication.com
1 : jbsfgfgdfdfn@tidsd.nl
2 : janedoe@email.com
1 : abcd@gmail.com
1 : john.smith@example.org
1 : bounce-test@service.socketlabs.com
1 : tony@stark.com
1 : ahmed2@root.com
1 : email2@email.com
1 : theo@gmail.com
6 : test@example.com
2 : aes128-gcm@openssh.com
1 : nsk@gmail.com
1 : jose@zestore.com.br
2 : abcdef@example.org
1 : toemail@example.com
1 : anand.sambamoorthy@gmail.com
2 : git@git.mycorp.com
1 : orders@ultimatlights.com.au
1 : contribute@geeksforgeeks.org
2 : someone@domain.co
1 : r@xyz.com
1 : contact@mydomain.com
13 : test@test.com
1 : PokemonGamer.pkmn@gmail.com
2 : frontdesk@jacksauto.com.au
1 : john@doe.com
1 : jbotman@team.trined.nl
4 : bob@example.com
2 : abcdefg@example.org
1 : micky@mcgurk.com
2 : mrinalkantighosh005@gmail.com
1 : businessemail@bussiness.com
1 : maad@yahoo.com
13 : test@gmail.com
1 : XXXXX@gmail.com
1 : root@staging.yok.com
1 : janesmith@yahoo.com
1 : my_calendar_id@group.calendar.google.com
1 : contact@example.com
1 : username@example.com
2 : example2@example.com
1 : smechailes@gmail.com
1 : info@engineeringexpress.in
1 : christianloveschool@yahoo.com
1 : donationapplicationsbarona@gmail.com
1 : test@mail.com
1 : brent@dropsolid.com
2 : my.email@something.com
1 : alikhan@gmail.com
2 : user1@xyz.com
1 : fdrtgg@tisdrd.nl
1 : member@mywebsite.com
1 : app@mydomain.com
1 : abc@example.org
2 : umac-64-etm@openssh.com
6 : pass@proxy.company.priv
1 : b@gmail.com
1 : appsmedion@gmail.com
1 : dummy@email.com
1 : sample@email.com
1 : mattoni.resta.test@gmail.com
1 : all@gmail.com
1 : user@localhost.loca
1 : garvernr@mail.uc
1 : test1@example.com
1 : aws-verification@amazon.com
1 : hands@example.gov
1 : jboan@tri.nl
2 : teste@teste.com
1 : duchess@example.gov
1 : nunito.calzada@gmail.com
2 : password@pypi.example.com
1 : root@mydomain.com
1 : aaa@abc.ca
1 : user@domainhere.com.au
2 : ragesh@gmail.in
1 : mail@gmail.com
1 : fabio@ciaf.com.br
3 : gitster@pobox.com
1 : XY@comcast.net
1 : Coder@iMomen.com
1 : myemail@bsomeemail.com
1 : James.Bond.007@mi6.org
1 : boss@example.gov
1 : myEmail@gmail.com
1 : myemail@email.com
1 : tjhunt03@gmail.com
2 : xxx@yyy.com
1 : fdn@tiftrrd.nl
1 : airflow@airflow.com
1 : denuncias@ceapema.org.br
1 : daniel.vusi696@gmail.com
1 : ted.br@top.domain.us
1 : saxena@designmaniac.in
1 : mygmail@gmail.com
1 : myname@mycompany.com
1 : fake@madeup.org
1 : nour@khatib.ca
1 : abc@yahoo.com
1 : mkobit@example.com
2 : USERNAME@bitbucket.org
1 : afbweb@afb.net
1 : contact@test2.com
4 : xxx@xxx.com
1 : email3@email.com
1 : 9000@mail.pl
1 : CloudCoin@Protonmail.com
1 : xxxxx@xmail.com
10 : user@example.com
1 : abc.def@xyz.com
1 : user@phptravels.com
1 : xxxxx@xxxxx.xxx
2 : test@test.test
2 : else@gmail.gov
1 : jdoe@outlook.com
1 : myself@example.com
1 : some_address@gmail.com
1 : no_reply@example.com
4 : gilani@payload.tech
1 : jbsfgfgdfdfn@tifddsd.nl
1 : handro1104@gmail.com
2 : karthickgm27@test.com
2 : rajesh1239@test.com
1 : abf@abc.com
2 : abcdefgh@example.org
1 : xyz@foo.com
1 : marcos@zestore.com.br
2 : somepne@domain.com
1 : misavoz@seznam.cz
1 : srikanthmadireddy78@gamil.com
7 : git@gitlab.com
1 : ram@xyz.com
1 : devteam@example.com
1 : fbarius@example.com
2 : kylevantil14@gmail.com
1 : jon.reeve@gmail.com
2 : email@-domain.com
1 : bcc@example.com
1 : tinamalhotra325@gmail.com
1 : client_email1@gmail.com
1 : JLove@towncountry.com
1 : leematt45@hotmail.com
3 : cdemail@appid.iam.gserviceaccount.com
1 : examples@example.com
1 : foobar@gmail.com
1 : peter@example.com
3 : foo.foo@bar.co
3 : john@gmail.com
1 : cpeterson@barona.com
2 : my@email.com
1 : bbb@gmail.com
1 : billing@example.com
1 : workemail@email.com
1 : azeemhaider77@gmail.com
2 : foor@hotmail.com
1 : Sample@gmail.com
1 : contact@test.com
1 : user1@example.com
8 : huyvohcmc@gmail.com
3 : e@male.org
2 : mazhar@gmail.com
1 : editor@someproj-1.iam.gserviceaccount.com
2 : john.snow@domain.com
1 : myownaddress@gmail.com
1 : spchadwick@espeedaz.net
1 : reservation@uxanisalon.com
1 : xxxxxxxxxxxxxxxxxxxx@gitlab.com
2 : x-oauth-basic@github.com
1 : alan@gmail.com
1 : LAFakers@gmail.com
3 : nithin@test.com
1 : another_boss@mcgurk.com
1 : majid_mug@yahoo.com
1 : user@gmail.comm
2 : mkobit@mycorp.com
1 : xxx@mycompany.com
3 : curve25519-sha256@libssh.org
1 : second@user.com
3 : foo-foo@bar.com
2 : sam@test.com
2 : from@example.com
4 : zlib@openssh.com
2 : user@gmail.com
2 : rohan@gmail.com
1 : fdn@tisdrd.nl
1 : mohamed.elkammar@gmail.com
2 : abc@example.com
1 : example1@test.de
1 : abc_def@yahoo.com
2 : aaa@aaa.com
1 : xyz-review-service@xyz-review-api.iam.gserviceaccount.com
3 : raj@gmail.com
1 : example@domain.com
2 : mohanraj@test.com
1 : jbsfdfn@tidsd.nl
1 : me@gmail.com
2 : some@email.com
1 : princehamzi.mine@gmail.com
1 : aab@gmail.com
1 : hugo.vast@gmail.com
1 : michael@gmail.com
1 : jwales@sjfc.edu
1 : uhiwarale@gmail.com
1 : midsm@gummibaer.com
4 : abott@adorable.png
1 : testing@gmail.com
2 : example@mail.com
1 : email@tr1.mybasiccrm.com
1 : salut@bagaiacimailu.com
1 : xxx@gmail.com
1 : test3@test3.com
1 : stsu@git.int.cens
1 : navn@gmail.com
1 : webform@fincentrum.com
1 : someMail@gmail.com
1 : mrdeep@protonmail.com
1 : info@heitech.co
1 : organizer@example.com
1 : stack@mail.com
1 : test@test.de
2 : jsmith@example.com
1 : jboan@twi.nl
1 : stephen.marquard@uct.ac
1 : popo@midominio.com
1 : mailto@deniseleeyohn.com
1 : kerttu.tervo@example.com
1 : abc@dsf.com
1 : someone_else@other.com
1 : FromUser@Domain.com
1 : andrew@gmail.com
1 : yourEmail@gmail.com
1 : farty.randy@gummibaer.com
1 : 8000@mail.pl
1 : Sincere@april.biz
1 : user2@example.com
1 : stevenH@gmail.com
6 : xyz@gmail.com
1 : mail1@washpost.com
1 : jstrechay@afb.net
1 : johnny@myserver.com
1 : rey@gmail.com
1 : XXX@XXX.XXX
1 : xxxxx@gmail.com
4 : chacha20-poly1305@openssh.com
1 : git@github.ZZZZ.com
1 : ec2-user@ec2-xx-xx-xx-xx.ca-central-1.compute.amazonaws.com
1 : root@ns1.riodomain.com
1 : support@microsoft.com
1 : USERNAME@gmail.com
2 : tjones@example.com
1 : alice@wonderland.com
1 : sssaundatti@gmail.com
1 : abc@bcd.de
2 : info@XXXX.si
1 : team@example.com
1 : mary@acme.com
3 : a@gmail.com
1 : xxxxxxxxx@gmail.com
2 : test@theworld.com
1 : name1.surname1@domain.com
1 : 123@xyz.com
1 : opensource@google.com
1 : johndoe@example.com
1 : cloudant@machine2032.domain.com
1 : xxx.xx@gmail.com
1 : bpm@xxx.co
1 : name@email.com
1 : fdsdfn@tifddddsd.nl
1 : ellen@example.com
1 : jboan@trinedd.nl
1 : noreply@email.com
1 : airflow@example.com
1 : vinod.printzone@gmail.com
1 : someone@gmail.com
2 : abcde@example.org
1 : example@yahoo.com
2 : hmac-md5-etm@openssh.com
1 : jhs@yahoo.com
1 : 1285935469767a7c7c1a9b3f0df8003b@yourserver.com
1 : sales@joebloggs.com
2 : user@bitbucket.company.com
1 : 1285935469767a7c7c1a9b3f0df8003a@yourserver.com
3 : user@email.com
1 : me@mydomain.com
1 : complaint@simulator.amazonses.com
3 : o@gmail.com
1 : codejutsu.dojo@gmail.com
1 : aniketgupta1993@gmail.com
1 : fdsdccdfn@tifdddsd.nl
1 : 1505293@kiit.ac
1 : coolguy@yahoo.com
1 : firstemail@outlook.com
9 : git@bitbucket.org
1 : sasa@denva.com
1 : nancy@somesite.com
1 : test@crams.com
2 : abcdefghi@example.org
1 : jboan@team.trin
1 : info@example.com
1 : myemail@domain.com
1 : example@example.com
1 : abc123@xyz.com
1 : test2@example.com
1 : errorfile@test.com
1 : 5551234567@tmomail.net
14 : abc@gmail.com
1 : dave123@gmail.com
11 : foo@bar.com
3 : abc@xyz.com
1 : anurag@email.co
1 : fdrtgg@tisfredrd.nl
1 : dev5.veomit@gmail.com
3 : someone@domain.com
2 : innovation@miisky.com
1 : fdsdfn@tifdddsd.nl
1 : foo@hotmail.com
1 : fbaoo07@gmail.com
1 : Shanna@melissa.tv
1 : sa.alemdar@hotmail.com
1 : rushjenacath@gmail.com
1 : blabla@gla.com
1 : user@predictionhome.com
1 : james@place.org
1 : someaddress@mycompany.com
2 : satheezkumar93@gmail.com
1 : firmapost@roomservice.no
1 : Kerryhoskins0925@gmaiil.com
1 : root@ns1.onedomain.com
2 : robbyrne@email.com
1 : python.api123@gmail.com
1 : monica.riccelli@oracle.com
2 : contact@abc.com
1 : MYEMAIL@EMAIL.COM
2 : talentscoutphil@gmail.com
1 : user2@xyz.com
1 : email@icloud.com
5 : myemail@gmail.com
1 : hi@example.com
1 : password@pesky.proxy.com
1 : ryan@gmail.com
1 : wherefoodtakesus@gmail.com
1 : michael@example.com
1 : boss@mcgurk.com
1 : someguy@hotmail.com
1 : xxxxxxx@gmail.com
2 : youremail@gmail.com
1 : nikita_lim@rocketmail.com
1 : myEmail@email.com
1 : superadmin@example.org
1 : 0shoaib0@gmail.com
1 : fdn@tifdsd.nl
1 : 0543@fax.com
1 : mail@yahoo.gr
1 : myemail@someemail.com
1 : Rep.Toddyoung@opencongress.org
2 : user@predicthome.com
1 : markstein@hotmail.com
1 : sratanveer@yahoo.com
2 : 8583390609@txt.att.net
1 : XXZZZZ@gmail.com
1 : email@domain.com
4 : you@example.com
1 : roel.harbers@example.com
1 : urna@sed.ca
1 : nada_26_@hotmail.com
1 : axeemhaider@gmail.com
4 : example@gmail.com
2 : seunfapo1@yahoo.com
1 : bounce@simulator.amazonses.com
1 : michelle@mcgurk.com
1 : admin@website.com
2 : 22222@gmail.com
1 : name2.surname2@domain.com
2 : papteste@outlook.pt
1 : sentoaddreess@gmail.com
1 : root@root.com
2 : rek4@test.com
2 : test@email.com
2 : seleniumtest201@gmail.com
1 : ToUser@domain.com
1 : bantspl@gmail.com
1 : raeh95@gmail.com
1 : haavindfaktura@invoicedrop.com
1 : sathishsatu222@gmail.com
1 : xxx@mail.com
2 : midhunvintech@test.com
1 : admin@kiit.ac
3 : foo_foo_69@bar_123.muse
3 : email@email.com
1 : edwardcmorris@yahoo.com.au
6 : foo@bar.co
1 : tony.manero@testing.com
1 : fdn@tifddddsd.nl
1 : ros@yahoo.com
1 : example@test.com
1 : deepak.kothari@domain.com
1 : xxx@eu-west-static-01.quotaguard.com
1 : User1@gmail.com
1 : info@overcomer.we
1 : teeeee@gmail.comu
3 : cloudant_diag17506@machine2031.domain.com
1 : peter@gmail.com
3 : mymail@gmail.com
2 : ecdsa-sha2-nistp256-cert-v01@openssh.com
1 : correct@mail.com
1 : info@eccsbc.com
1 : xyz@abc.com
1 : rob0@adventure-works.com
3 : example1@example.com
1 : peter@rabbit.com
1 : mycolleague@example.com
2 : myvalue@asd.com
1 : my@mail.com
13 : git@github.com
1 : XXX.XX@gmail.com
1 : sumit.printzone@gmail.com
1 : jake@joke.com
1 : diana@studio-diana.cz
1 : pass@www.website1.com
1 : johndoe@gmail.com
